license_number,name_on_license,license_type,expiration_date,last_verified
RN-193180,"HOWARD, JASON",RN,2028-05-11,2026-08-17
RN-924472,"HARRIS, KIMBERLY",RN,2028-01-10,2026-07-31
RN-542815,"COOPER, MARGARET",RN,2027-09-12,2026-08-13
RN-322033,"RIVERA, KATHLEEN",RN,2027-06-04,2026-07-29
RN-513813,"REYES, ASHLEY",RN,2028-03-05,2026-08-13
RN-880632,"MILLER, MARCUS",RN,2028-04-14,2026-07-16
LPN-661075,"JAMES, ANGELA",LPN,2027-05-18,2026-07-21
LPN-838821,"COOK, WILLIAM",LPN,2028-02-14,2026-08-24
LPN-136262,"RAMIREZ, JESSICA",LPN,2028-04-28,2026-08-23
CNA-524332,"COX, MARCIA",CNA,2026-09-15,2026-08-16
CNA-984846,"LEWIS, LAURA",CNA,2028-07-17,2026-07-16
CNA-824650,"TORRES, MARCUS",CNA,2028-08-07,2026-09-04
CNA-703639,"MORALES, JASON",CNA,2026-10-11,2026-07-27
CNA-979310,"RUIZ, DONALD",CNA,2027-06-12,2026-07-21
CNA-819080,"MUÑOZ, KAREN",CNA,2027-08-13,2026-07-24
CNA-246180,"NELSON, SUSAN",CNA,2027-05-05,2026-08-21
CNA-170834,"CRUZ, JOSÉ",CNA,2027-04-13,2026-08-05
CNA-585506,"MARTINEZ, SARAH",CNA,2027-04-10,2026-08-23
CNA-195031,"ALLEN, SUSAN",CNA,2027-11-24,2026-08-24
CNA-545624,"LEE, EDWARD",CNA,2027-06-05,2026-07-20
