payroll_id,employee_name,job_code,facility_code,period_start,period_end,hours_paid
P-3001,"HOWARD, JASON",RN,RVD,2026-09-14,2026-09-20,24
P-3002,"HARRIS, KIMBERLY",RN,BYS,2026-09-14,2026-09-20,56
P-3003,"COOPER, MARGARET",RN,RVD,2026-09-14,2026-09-20,48
P-3004,"RIVERA, KATHLEEN",RN,BYS,2026-09-14,2026-09-20,40
P-3005,"REYES, ASHLEY",RN,RVD,2026-09-14,2026-09-20,48
P-3006,"MILLER, MARCUS",RN,BYS,2026-09-14,2026-09-20,48
P-3007,"JAMES, ANGELA",LPN,RVD,2026-09-14,2026-09-20,40
P-3008,"COOK, WILLIAM",LPN,BYS,2026-09-14,2026-09-20,60
P-3009,"RAMIREZ, JESSICA",LPN,RVD,2026-09-14,2026-09-20,32
P-3010,"COX, MARCIA",CNA,RVD,2026-09-14,2026-09-20,60
P-3011,"LEWIS, LAURA",CNA,BYS,2026-09-14,2026-09-20,60
P-3012,"TORRES, MARCUS",CNA,RVD,2026-09-14,2026-09-20,40
P-3013,"MORALES, JASON",CNA,BYS,2026-09-14,2026-09-20,40
P-3014,"RUIZ, DONALD",CNA,RVD,2026-09-14,2026-09-20,32
P-3015,"MUÑOZ, KAREN",CNA,BYS,2026-09-14,2026-09-20,48
P-3016,"NELSON, SUSAN",CNA,RVD,2026-09-14,2026-09-20,24
P-3017,"CRUZ, JOSÉ",CNA,BYS,2026-09-14,2026-09-20,48
P-3018,"MARTINEZ, SARAH",CNA,RVD,2026-09-14,2026-09-20,16
P-3019,"ALLEN, SUSAN",CNA,BYS,2026-09-14,2026-09-20,32
P-3020,"LEE, EDWARD",CNA,RVD,2026-09-14,2026-09-20,24
