nickname,canonical
marc,marcus
abbie,abigail
abby,abigail
abe,abraham
adie,adrian
alec,alexander
alexa,alexandra
alf,alfred
alfie,alfred
ally,allison
andi,andrea
andie,andrea
andy,andrew
angel,angela
angie,angela
anny,anna
ant,anthony
art,arthur
artie,arthur
babs,barbara
barb,barbara
barbie,barbara
bart,bartholomew
bartley,bartholomew
becca,rebecca
beck,rebecca
becky,rebecca
ben,benjamin
benji,benjamin
benny,benjamin
bern,bernard
bernie,bernard
beth,elizabeth
betsy,elizabeth
betty,elizabeth
bev,beverly
bevvy,beverly
biddy,bridget
bill,william
billy,william
bob,robert
bobbi,roberta
bobby,robert
brad,bradley
bran,brandon
bren,brenda
bri,brian
bridie,bridget
cait,caitlin
cal,calvin
cam,cameron
candi,candace
candy,candace
caro,carolyn
cat,catherine
cathie,catherine
cathy,catherine
cece,cecilia
cecil,cecilia
celia,cecilia
chas,charles
chaz,charles
chelle,michelle
chelsie,chelsea
chuck,charles
cilla,priscilla
clare,clarence
claudie,claudia
cliff,clifford
cole,nicole
coll,colleen
connie,constance
cori,corinne
court,courtney
courtie,courtney
cray,craig
cyndi,cynthia
dan,daniel
danny,daniel
dave,david
davey,david
davy,david
den,dennis
denny,dennis
derk,derek
dick,richard
dolly,dorothy
dom,dominic
dommy,dominic
don,donald
donnie,donald
donny,donald
dot,dorothy
dottie,dorothy
doug,douglas
dougie,douglas
drew,andrew
eli,elijah
eliza,elizabeth
ernie,ernest
eve,evelyn
evie,evelyn
frannie,frances
franny,frances
freddy,frederick
fritz,frederick
gabe,gabriel
gabi,gabrielle
gail,abigail
geno,gene
geoff,geoffrey
georgie,george
gerri,geraldine
gert,gertrude
gertie,gertrude
gil,gilbert
gina,regina
ginger,virginia
ginny,virginia
glory,gloria
gordy,gordon
greg,gregory
gregg,gregory
greta,margaret
gwen,gwendolyn
hank,henry
hanna,hannah
hattie,harriet
herb,herbert
herbie,herbert
howie,howard
hugh,hubert
ike,isaac
jacky,jacqueline
jacqui,jacqueline
jake,jacob
jamie,james
janie,jane
jeannie,jean
jen,jennifer
jenn,jennifer
jenny,jennifer
jer,jeremy
jere,jeremiah
jess,jessica
jessi,jessica
jessie,jessica
jim,james
jimbo,james
jimmy,james
jinny,virginia
joe,joseph
joey,joseph
jon,jonathan
jonathon,jonathan
jonny,jonathan
jos,joseph
josey,josephine
josh,joshua
josie,josephine
joy,joyce
judi,judith
judy,judith
katy,katherine
ken,kenneth
kenny,kenneth
kim,kimberly
kimberley,kimberly
kimmie,kimberly
kit,christopher
lars,lawrence
laurie,lauren
len,leonard
lena,helen
lenny,leonard
leo,leonard
leon,leonard
les,leslie
lessie,leslie
lex,alexander
lexi,alexis
lexie,alexis
liam,william
libby,elizabeth
lil,lillian
lilli,lillian
lilly,lillian
lily,lillian
lin,linda
lindsey,lindsay
lissa,melissa
liv,olivia
livvy,olivia
liz,elizabeth
lizzie,elizabeth
lori,lauren
lotte,charlotte
lottie,charlotte
louie,louis
lucky,lucille
lulu,louise
lynn,carolyn
madie,madeline
maggie,margaret
manda,amanda
marcie,marsha
mariann,marianne
marion,marian
martie,martha
matt,matthew
matty,matthew
max,maxwell
meggie,megan
melly,melanie
mick,michael
mickey,michael
mickie,michael
mike,michael
mikey,michael
mil,mildred
mindy,melinda
missy,melissa
mitch,mitchell
moni,monica
monnie,monica
nan,nancy
nance,nancy
nattie,natalie
ned,edward
nettie,annette
netty,antoinette
nick,nicholas
nicki,nicole
nicky,nicholas
nico,nicholas
nikki,nicole
norm,norman
paddy,patrick
pam,pamela
pammy,pamela
patti,patricia
patty,patricia
paula,pauline
paulie,paul
peg,margaret
penny,penelope
pete,peter
petey,peter
polly,pauline
rach,rachel
rae,rachel
ralphie,ralph
randi,miranda
ray,raymond
reenie,maureen
reg,reginald
ric,eric
rich,richard
richie,richard
ricky,richard
rob,robert
roddy,roderick
rodge,roger
ron,ronald
ronnie,ronald
ronny,ronald
rose,rosemary
roz,rosalind
russ,russell
rusty,russell
ruthie,ruth
sadie,sarah
sandi,sandra
seb,sebastian
shari,sharon
shelley,michelle
sheri,sheryl
sherry,sheryl
shirl,shirley
shirlie,shirley
sly,sylvester
sophie,sophia
stan,stanley
steph,stephanie
stephie,stephanie
suzie,susan
tami,tamara
tammy,tamara
tasha,natasha
theo,theodore
thom,thomas
tim,timothy
timmy,timothy
toby,tobias
tom,thomas
tommy,thomas
toni,antoinette
tony,anthony
topher,christopher
tori,victoria
tricia,patricia
trish,patricia
trisha,patricia
trudy,gertrude
vester,sylvester
vic,victor
vick,victor
vickie,victoria
vicky,victoria
vin,vincent
vince,vincent
vinny,vincent
wally,walter
walt,walter
wen,wendy
wes,wesley
will,william
willie,william
willy,william
winnie,winifred
xander,alexander
zac,zachary
zach,zachary
zack,zachary
kate,katherine
kathy,katherine
katie,katherine
peggy,margaret
meg,margaret
rick,richard
jack,john
ted,edward
sue,susan
susie,susan
deb,deborah
debbie,deborah
larry,lawrence
jerry,gerald
terry,terrence
cindy,cynthia
steve,steven
jeff,jeffrey
phil,philip
stacy,stacey
